.0.0, zeroDotZero
.1.3, org
.1.3.6, dod
.1.3.6.1, internet
.1.3.6.1.1, directory
.1.3.6.1.2, mgmt
.1.3.6.1.2.1, mib-2
.1.3.6.1.2.1.1, system
.1.3.6.1.2.1.1.1, sysDescr
.1.3.6.1.2.1.1.2, sysObjectID
.1.3.6.1.2.1.1.3, sysUpTime
.1.3.6.1.2.1.1.4, sysContact
.1.3.6.1.2.1.1.5, sysName
.1.3.6.1.2.1.1.6, sysLocation
.1.3.6.1.2.1.1.7, sysServices
.1.3.6.1.2.1.10, transmission
.1.3.6.1.2.1.11, snmp
.1.3.6.1.2.1.11.1, snmpInPkts
.1.3.6.1.2.1.11.10, snmpInBadValues
.1.3.6.1.2.1.11.11, snmpInReadOnlys
.1.3.6.1.2.1.11.12, snmpInGenErrs
.1.3.6.1.2.1.11.13, snmpInTotalReqVars
.1.3.6.1.2.1.11.14, snmpInTotalSetVars
.1.3.6.1.2.1.11.15, snmpInGetRequests
.1.3.6.1.2.1.11.16, snmpInGetNexts
.1.3.6.1.2.1.11.17, snmpInSetRequests
.1.3.6.1.2.1.11.18, snmpInGetResponses
.1.3.6.1.2.1.11.19, snmpInTraps
.1.3.6.1.2.1.11.2, snmpOutPkts
.1.3.6.1.2.1.11.20, snmpOutTooBigs
.1.3.6.1.2.1.11.21, snmpOutNoSuchNames
.1.3.6.1.2.1.11.22, snmpOutBadValues
.1.3.6.1.2.1.11.24, snmpOutGenErrs
.1.3.6.1.2.1.11.25, snmpOutGetRequests
.1.3.6.1.2.1.11.26, snmpOutGetNexts
.1.3.6.1.2.1.11.27, snmpOutSetRequests
.1.3.6.1.2.1.11.28, snmpOutGetResponses
.1.3.6.1.2.1.11.29, snmpOutTraps
.1.3.6.1.2.1.11.3, snmpInBadVersions
.1.3.6.1.2.1.11.30, snmpEnableAuthenTraps
.1.3.6.1.2.1.11.4, snmpInBadCommunityNames
.1.3.6.1.2.1.11.5, snmpInBadCommunityUses
.1.3.6.1.2.1.11.6, snmpInASNParseErrs
.1.3.6.1.2.1.11.8, snmpInTooBigs
.1.3.6.1.2.1.11.9, snmpInNoSuchNames
.1.3.6.1.2.1.2, interfaces
.1.3.6.1.2.1.2.1, ifNumber
.1.3.6.1.2.1.2.2, ifTable
.1.3.6.1.2.1.2.2.1, ifEntry
.1.3.6.1.2.1.2.2.1.1, ifIndex
.1.3.6.1.2.1.2.2.1.10, ifInOctets
.1.3.6.1.2.1.2.2.1.11, ifInUcastPkts
.1.3.6.1.2.1.2.2.1.12, ifInNUcastPkts
.1.3.6.1.2.1.2.2.1.13, ifInDiscards
.1.3.6.1.2.1.2.2.1.14, ifInErrors
.1.3.6.1.2.1.2.2.1.15, ifInUnknownProtos
.1.3.6.1.2.1.2.2.1.16, ifOutOctets
.1.3.6.1.2.1.2.2.1.17, ifOutUcastPkts
.1.3.6.1.2.1.2.2.1.18, ifOutNUcastPkts
.1.3.6.1.2.1.2.2.1.19, ifOutDiscards
.1.3.6.1.2.1.2.2.1.2, ifDescr
.1.3.6.1.2.1.2.2.1.20, ifOutErrors
.1.3.6.1.2.1.2.2.1.21, ifOutQLen
.1.3.6.1.2.1.2.2.1.22, ifSpecific
.1.3.6.1.2.1.2.2.1.3, ifType
.1.3.6.1.2.1.2.2.1.4, ifMtu
.1.3.6.1.2.1.2.2.1.5, ifSpeed
.1.3.6.1.2.1.2.2.1.6, ifPhysAddress
.1.3.6.1.2.1.2.2.1.7, ifAdminStatus
.1.3.6.1.2.1.2.2.1.8, ifOperStatus
.1.3.6.1.2.1.2.2.1.9, ifLastChange
.1.3.6.1.2.1.3, at
.1.3.6.1.2.1.3.1, atTable
.1.3.6.1.2.1.3.1.1, atEntry
.1.3.6.1.2.1.3.1.1.1, atIfIndex
.1.3.6.1.2.1.3.1.1.2, atPhysAddress
.1.3.6.1.2.1.3.1.1.3, atNetAddress
.1.3.6.1.2.1.4, ip
.1.3.6.1.2.1.4.1, ipForwarding
.1.3.6.1.2.1.4.10, ipOutRequests
.1.3.6.1.2.1.4.11, ipOutDiscards
.1.3.6.1.2.1.4.12, ipOutNoRoutes
.1.3.6.1.2.1.4.13, ipReasmTimeout
.1.3.6.1.2.1.4.14, ipReasmReqds
.1.3.6.1.2.1.4.15, ipReasmOKs
.1.3.6.1.2.1.4.16, ipReasmFails
.1.3.6.1.2.1.4.17, ipFragOKs
.1.3.6.1.2.1.4.18, ipFragFails
.1.3.6.1.2.1.4.19, ipFragCreates
.1.3.6.1.2.1.4.2, ipDefaultTTL
.1.3.6.1.2.1.4.20, ipAddrTable
.1.3.6.1.2.1.4.20.1, ipAddrEntry
.1.3.6.1.2.1.4.20.1.1, ipAdEntAddr
.1.3.6.1.2.1.4.20.1.2, ipAdEntIfIndex
.1.3.6.1.2.1.4.20.1.3, ipAdEntNetMask
.1.3.6.1.2.1.4.20.1.4, ipAdEntBcastAddr
.1.3.6.1.2.1.4.20.1.5, ipAdEntReasmMaxSize
.1.3.6.1.2.1.4.21, ipRouteTable
.1.3.6.1.2.1.4.21.1, ipRouteEntry
.1.3.6.1.2.1.4.21.1.1, ipRouteDest
.1.3.6.1.2.1.4.21.1.10, ipRouteAge
.1.3.6.1.2.1.4.21.1.11, ipRouteMask
.1.3.6.1.2.1.4.21.1.12, ipRouteMetric5
.1.3.6.1.2.1.4.21.1.13, ipRouteInfo
.1.3.6.1.2.1.4.21.1.2, ipRouteIfIndex
.1.3.6.1.2.1.4.21.1.3, ipRouteMetric1
.1.3.6.1.2.1.4.21.1.4, ipRouteMetric2
.1.3.6.1.2.1.4.21.1.5, ipRouteMetric3
.1.3.6.1.2.1.4.21.1.6, ipRouteMetric4
.1.3.6.1.2.1.4.21.1.7, ipRouteNextHop
.1.3.6.1.2.1.4.21.1.8, ipRouteType
.1.3.6.1.2.1.4.21.1.9, ipRouteProto
.1.3.6.1.2.1.4.22, ipNetToMediaTable
.1.3.6.1.2.1.4.22.1, ipNetToMediaEntry
.1.3.6.1.2.1.4.22.1.1, ipNetToMediaIfIndex
.1.3.6.1.2.1.4.22.1.2, ipNetToMediaPhysAddress
.1.3.6.1.2.1.4.22.1.3, ipNetToMediaNetAddress
.1.3.6.1.2.1.4.22.1.4, ipNetToMediaType
.1.3.6.1.2.1.4.23, ipRoutingDiscards
.1.3.6.1.2.1.4.3, ipInReceives
.1.3.6.1.2.1.4.4, ipInHdrErrors
.1.3.6.1.2.1.4.5, ipInAddrErrors
.1.3.6.1.2.1.4.6, ipForwDatagrams
.1.3.6.1.2.1.4.7, ipInUnknownProtos
.1.3.6.1.2.1.4.8, ipInDiscards
.1.3.6.1.2.1.4.9, ipInDelivers
.1.3.6.1.2.1.5, icmp
.1.3.6.1.2.1.5.1, icmpInMsgs
.1.3.6.1.2.1.5.10, icmpInTimestamps
.1.3.6.1.2.1.5.11, icmpInTimestampReps
.1.3.6.1.2.1.5.12, icmpInAddrMasks
.1.3.6.1.2.1.5.13, icmpInAddrMaskReps
.1.3.6.1.2.1.5.14, icmpOutMsgs
.1.3.6.1.2.1.5.15, icmpOutErrors
.1.3.6.1.2.1.5.16, icmpOutDestUnreachs
.1.3.6.1.2.1.5.17, icmpOutTimeExcds
.1.3.6.1.2.1.5.18, icmpOutParmProbs
.1.3.6.1.2.1.5.19, icmpOutSrcQuenchs
.1.3.6.1.2.1.5.2, icmpInErrors
.1.3.6.1.2.1.5.20, icmpOutRedirects
.1.3.6.1.2.1.5.21, icmpOutEchos
.1.3.6.1.2.1.5.22, icmpOutEchoReps
.1.3.6.1.2.1.5.23, icmpOutTimestamps
.1.3.6.1.2.1.5.24, icmpOutTimestampReps
.1.3.6.1.2.1.5.25, icmpOutAddrMasks
.1.3.6.1.2.1.5.26, icmpOutAddrMaskReps
.1.3.6.1.2.1.5.3, icmpInDestUnreachs
.1.3.6.1.2.1.5.4, icmpInTimeExcds
.1.3.6.1.2.1.5.5, icmpInParmProbs
.1.3.6.1.2.1.5.6, icmpInSrcQuenchs
.1.3.6.1.2.1.5.7, icmpInRedirects
.1.3.6.1.2.1.5.8, icmpInEchos
.1.3.6.1.2.1.5.9, icmpInEchoReps
.1.3.6.1.2.1.6, tcp
.1.3.6.1.2.1.6.1, tcpRtoAlgorithm
.1.3.6.1.2.1.6.10, tcpInSegs
.1.3.6.1.2.1.6.11, tcpOutSegs
.1.3.6.1.2.1.6.12, tcpRetransSegs
.1.3.6.1.2.1.6.13, tcpConnTable
.1.3.6.1.2.1.6.13.1, tcpConnEntry
.1.3.6.1.2.1.6.13.1.1, tcpConnState
.1.3.6.1.2.1.6.13.1.2, tcpConnLocalAddress
.1.3.6.1.2.1.6.13.1.3, tcpConnLocalPort
.1.3.6.1.2.1.6.13.1.4, tcpConnRemAddress
.1.3.6.1.2.1.6.13.1.5, tcpConnRemPort
.1.3.6.1.2.1.6.14, tcpInErrs
.1.3.6.1.2.1.6.15, tcpOutRsts
.1.3.6.1.2.1.6.2, tcpRtoMin
.1.3.6.1.2.1.6.3, tcpRtoMax
.1.3.6.1.2.1.6.4, tcpMaxConn
.1.3.6.1.2.1.6.5, tcpActiveOpens
.1.3.6.1.2.1.6.6, tcpPassiveOpens
.1.3.6.1.2.1.6.7, tcpAttemptFails
.1.3.6.1.2.1.6.8, tcpEstabResets
.1.3.6.1.2.1.6.9, tcpCurrEstab
.1.3.6.1.2.1.7, udp
.1.3.6.1.2.1.7.1, udpInDatagrams
.1.3.6.1.2.1.7.2, udpNoPorts
.1.3.6.1.2.1.7.3, udpInErrors
.1.3.6.1.2.1.7.4, udpOutDatagrams
.1.3.6.1.2.1.7.5, udpTable
.1.3.6.1.2.1.7.5.1, udpEntry
.1.3.6.1.2.1.7.5.1.1, udpLocalAddress
.1.3.6.1.2.1.7.5.1.2, udpLocalPort
.1.3.6.1.2.1.8, egp
.1.3.6.1.2.1.8.1, egpInMsgs
.1.3.6.1.2.1.8.2, egpInErrors
.1.3.6.1.2.1.8.3, egpOutMsgs
.1.3.6.1.2.1.8.4, egpOutErrors
.1.3.6.1.2.1.8.5, egpNeighTable
.1.3.6.1.2.1.8.5.1, egpNeighEntry
.1.3.6.1.2.1.8.5.1.1, egpNeighState
.1.3.6.1.2.1.8.5.1.10, egpNeighStateUps
.1.3.6.1.2.1.8.5.1.11, egpNeighStateDowns
.1.3.6.1.2.1.8.5.1.12, egpNeighIntervalHello
.1.3.6.1.2.1.8.5.1.13, egpNeighIntervalPoll
.1.3.6.1.2.1.8.5.1.14, egpNeighMode
.1.3.6.1.2.1.8.5.1.15, egpNeighEventTrigger
.1.3.6.1.2.1.8.5.1.2, egpNeighAddr
.1.3.6.1.2.1.8.5.1.3, egpNeighAs
.1.3.6.1.2.1.8.5.1.4, egpNeighInMsgs
.1.3.6.1.2.1.8.5.1.5, egpNeighInErrs
.1.3.6.1.2.1.8.5.1.6, egpNeighOutMsgs
.1.3.6.1.2.1.8.5.1.7, egpNeighOutErrs
.1.3.6.1.2.1.8.5.1.8, egpNeighInErrMsgs
.1.3.6.1.2.1.8.5.1.9, egpNeighOutErrMsgs
.1.3.6.1.2.1.8.6, egpAs
.1.3.6.1.3, experimental
.1.3.6.1.3.94, fcmgmt
.1.3.6.1.3.94.0, fcmgmt#
.1.3.6.1.3.94.0.1, connUnitStatusChange
.1.3.6.1.3.94.0.3, connUnitDeletedTrap
.1.3.6.1.3.94.0.4, connUnitEventTrap
.1.3.6.1.3.94.0.5, connUnitSensorStatusChange
.1.3.6.1.3.94.0.6, connUnitPortStatusChange
.1.3.6.1.3.94.1, connSet
.1.3.6.1.3.94.1.1, uNumber
.1.3.6.1.3.94.1.10, connUnitPortTable
.1.3.6.1.3.94.1.10.1, connUnitPortEntry
.1.3.6.1.3.94.1.10.1.1, connUnitPortUnitId
.1.3.6.1.3.94.1.10.1.10, connUnitPortWwn
.1.3.6.1.3.94.1.10.1.11, connUnitPortFCId
.1.3.6.1.3.94.1.10.1.12, connUnitPortSn
.1.3.6.1.3.94.1.10.1.13, connUnitPortRevision
.1.3.6.1.3.94.1.10.1.14, connUnitPortVendor
.1.3.6.1.3.94.1.10.1.15, connUnitPortSpeed
.1.3.6.1.3.94.1.10.1.16, connUnitPortControl
.1.3.6.1.3.94.1.10.1.17, connUnitPortName
.1.3.6.1.3.94.1.10.1.18, connUnitPortPhysicalNumber
.1.3.6.1.3.94.1.10.1.19, connUnitPortStatObject
.1.3.6.1.3.94.1.10.1.2, connUnitPortIndex
.1.3.6.1.3.94.1.10.1.20, connUnitPortProtocolCap
.1.3.6.1.3.94.1.10.1.21, connUnitPortProtocolOp
.1.3.6.1.3.94.1.10.1.22, connUnitPortNodeWwn
.1.3.6.1.3.94.1.10.1.23, connUnitPortHWState
.1.3.6.1.3.94.1.10.1.3, connUnitPortType
.1.3.6.1.3.94.1.10.1.4, connUnitPortFCClassCap
.1.3.6.1.3.94.1.10.1.5, connUnitPortFCClassOp
.1.3.6.1.3.94.1.10.1.6, connUnitPortState
.1.3.6.1.3.94.1.10.1.7, connUnitPortStatus
.1.3.6.1.3.94.1.10.1.8, connUnitPortTransmitterType
.1.3.6.1.3.94.1.10.1.9, connUnitPortModuleType
.1.3.6.1.3.94.1.11, connUnitEventTable
.1.3.6.1.3.94.1.11.1, connUnitEventEntry
.1.3.6.1.3.94.1.11.1.1, connUnitEventUnitId
.1.3.6.1.3.94.1.11.1.2, connUnitEventIndex
.1.3.6.1.3.94.1.11.1.3, connUnitEventId
.1.3.6.1.3.94.1.11.1.4, connUnitREventTime
.1.3.6.1.3.94.1.11.1.5, connUnitSEventTime
.1.3.6.1.3.94.1.11.1.6, connUnitEventSeverity
.1.3.6.1.3.94.1.11.1.7, connUnitEventType
.1.3.6.1.3.94.1.11.1.8, connUnitEventObject
.1.3.6.1.3.94.1.11.1.9, connUnitEventDescr
.1.3.6.1.3.94.1.12, connUnitLinkTable
.1.3.6.1.3.94.1.12.1, connUnitLinkEntry
.1.3.6.1.3.94.1.12.1.1, connUnitLinkUnitId
.1.3.6.1.3.94.1.12.1.10, connUnitLinkAgentAddressTypeY
.1.3.6.1.3.94.1.12.1.11, connUnitLinkAgentPortY
.1.3.6.1.3.94.1.12.1.12, connUnitLinkUnitTypeY
.1.3.6.1.3.94.1.12.1.13, connUnitLinkConnIdY
.1.3.6.1.3.94.1.12.1.14, connUnitLinkCurrIndex
.1.3.6.1.3.94.1.12.1.2, connUnitLinkIndex
.1.3.6.1.3.94.1.12.1.3, connUnitLinkNodeIdX
.1.3.6.1.3.94.1.12.1.4, connUnitLinkPortNumberX
.1.3.6.1.3.94.1.12.1.5, connUnitLinkPortWwnX
.1.3.6.1.3.94.1.12.1.6, connUnitLinkNodeIdY
.1.3.6.1.3.94.1.12.1.7, connUnitLinkPortNumberY
.1.3.6.1.3.94.1.12.1.8, connUnitLinkPortWwnY
.1.3.6.1.3.94.1.12.1.9, connUnitLinkAgentAddressY
.1.3.6.1.3.94.1.2, systemURL
.1.3.6.1.3.94.1.3, statusChangeTime
.1.3.6.1.3.94.1.4, configurationChangeTime
.1.3.6.1.3.94.1.5, connUnitTableChangeTime
.1.3.6.1.3.94.1.6, connUnitTable
.1.3.6.1.3.94.1.6.1, connUnitEntry
.1.3.6.1.3.94.1.6.1.1, connUnitId
.1.3.6.1.3.94.1.6.1.10, connUnitUrl
.1.3.6.1.3.94.1.6.1.11, connUnitDomainId
.1.3.6.1.3.94.1.6.1.12, connUnitProxyMaster
.1.3.6.1.3.94.1.6.1.13, connUnitPrincipal
.1.3.6.1.3.94.1.6.1.14, connUnitNumSensors
.1.3.6.1.3.94.1.6.1.15, connUnitStatusChangeTime
.1.3.6.1.3.94.1.6.1.16, connUnitConfigurationChangeTime
.1.3.6.1.3.94.1.6.1.17, connUnitNumRevs
.1.3.6.1.3.94.1.6.1.18, connUnitNumZones
.1.3.6.1.3.94.1.6.1.19, connUnitModuleId
.1.3.6.1.3.94.1.6.1.2, connUnitGlobalId
.1.3.6.1.3.94.1.6.1.20, connUnitName
.1.3.6.1.3.94.1.6.1.21, connUnitInfo
.1.3.6.1.3.94.1.6.1.22, connUnitControl
.1.3.6.1.3.94.1.6.1.23, connUnitContact
.1.3.6.1.3.94.1.6.1.24, connUnitLocation
.1.3.6.1.3.94.1.6.1.25, connUnitEventFilter
.1.3.6.1.3.94.1.6.1.26, connUnitNumEvents
.1.3.6.1.3.94.1.6.1.27, connUnitMaxEvents
.1.3.6.1.3.94.1.6.1.28, connUnitEventCurrID
.1.3.6.1.3.94.1.6.1.3, connUnitType
.1.3.6.1.3.94.1.6.1.4, connUnitNumports
.1.3.6.1.3.94.1.6.1.5, connUnitState
.1.3.6.1.3.94.1.6.1.6, connUnitStatus
.1.3.6.1.3.94.1.6.1.7, connUnitProduct
.1.3.6.1.3.94.1.6.1.8, connUnitSn
.1.3.6.1.3.94.1.6.1.9, connUnitUpTime
.1.3.6.1.3.94.1.7, connUnitRevsTable
.1.3.6.1.3.94.1.7.1, connUnitRevsEntry
.1.3.6.1.3.94.1.7.1.1, connUnitRevsUnitId
.1.3.6.1.3.94.1.7.1.2, connUnitRevsIndex
.1.3.6.1.3.94.1.7.1.3, connUnitRevsRevId
.1.3.6.1.3.94.1.7.1.4, connUnitRevsDescription
.1.3.6.1.3.94.1.8, connUnitSensorTable
.1.3.6.1.3.94.1.8.1, connUnitSensorEntry
.1.3.6.1.3.94.1.8.1.1, connUnitSensorUnitId
.1.3.6.1.3.94.1.8.1.2, connUnitSensorIndex
.1.3.6.1.3.94.1.8.1.3, connUnitSensorName
.1.3.6.1.3.94.1.8.1.4, connUnitSensorStatus
.1.3.6.1.3.94.1.8.1.5, connUnitSensorInfo
.1.3.6.1.3.94.1.8.1.6, connUnitSensorMessage
.1.3.6.1.3.94.1.8.1.7, connUnitSensorType
.1.3.6.1.3.94.1.8.1.8, connUnitSensorCharacteristic
.1.3.6.1.3.94.2, trapReg
.1.3.6.1.3.94.2.1, trapMaxClients
.1.3.6.1.3.94.2.2, trapClientCount
.1.3.6.1.3.94.2.3, trapRegTable
.1.3.6.1.3.94.2.3.1, trapRegEntry
.1.3.6.1.3.94.2.3.1.1, trapRegIpAddress
.1.3.6.1.3.94.2.3.1.2, trapRegPort
.1.3.6.1.3.94.2.3.1.3, trapRegFilter
.1.3.6.1.3.94.2.3.1.4, trapRegRowState
.1.3.6.1.3.94.3, revisionNumber
.1.3.6.1.3.94.4, statSet
.1.3.6.1.3.94.4.5, connUnitPortStatTable
.1.3.6.1.3.94.4.5.1, connUnitPortStatEntry
.1.3.6.1.3.94.4.5.1.1, connUnitPortStatUnitId
.1.3.6.1.3.94.4.5.1.10, connUnitPortStatCountFBSYFrames
.1.3.6.1.3.94.4.5.1.11, connUnitPortStatCountPBSYFrames
.1.3.6.1.3.94.4.5.1.12, connUnitPortStatCountFRJTFrames
.1.3.6.1.3.94.4.5.1.13, connUnitPortStatCountPRJTFrames
.1.3.6.1.3.94.4.5.1.14, connUnitPortStatCountClass1RxFrames
.1.3.6.1.3.94.4.5.1.15, connUnitPortStatCountClass1TxFrames
.1.3.6.1.3.94.4.5.1.16, connUnitPortStatCountClass1FBSYFrames
.1.3.6.1.3.94.4.5.1.17, connUnitPortStatCountClass1PBSYFrames
.1.3.6.1.3.94.4.5.1.18, connUnitPortStatCountClass1FRJTFrames
.1.3.6.1.3.94.4.5.1.19, connUnitPortStatCountClass1PRJTFrames
.1.3.6.1.3.94.4.5.1.2, connUnitPortStatIndex
.1.3.6.1.3.94.4.5.1.20, connUnitPortStatCountClass2RxFrames
.1.3.6.1.3.94.4.5.1.21, connUnitPortStatCountClass2TxFrames
.1.3.6.1.3.94.4.5.1.22, connUnitPortStatCountClass2FBSYFrames
.1.3.6.1.3.94.4.5.1.23, connUnitPortStatCountClass2PBSYFrames
.1.3.6.1.3.94.4.5.1.24, connUnitPortStatCountClass2FRJTFrames
.1.3.6.1.3.94.4.5.1.25, connUnitPortStatCountClass2PRJTFrames
.1.3.6.1.3.94.4.5.1.26, connUnitPortStatCountClass3RxFrames
.1.3.6.1.3.94.4.5.1.27, connUnitPortStatCountClass3TxFrames
.1.3.6.1.3.94.4.5.1.28, connUnitPortStatCountClass3Discards
.1.3.6.1.3.94.4.5.1.29, connUnitPortStatCountRxMulticastObjects
.1.3.6.1.3.94.4.5.1.3, connUnitPortStatCountError
.1.3.6.1.3.94.4.5.1.30, connUnitPortStatCountTxMulticastObjects
.1.3.6.1.3.94.4.5.1.31, connUnitPortStatCountRxBroadcastObjects
.1.3.6.1.3.94.4.5.1.32, connUnitPortStatCountTxBroadcastObjects
.1.3.6.1.3.94.4.5.1.33, connUnitPortStatCountRxLinkResets
.1.3.6.1.3.94.4.5.1.34, connUnitPortStatCountTxLinkResets
.1.3.6.1.3.94.4.5.1.35, connUnitPortStatCountNumberLinkResets
.1.3.6.1.3.94.4.5.1.36, connUnitPortStatCountRxOfflineSequences
.1.3.6.1.3.94.4.5.1.37, connUnitPortStatCountTxOfflineSequences
.1.3.6.1.3.94.4.5.1.38, connUnitPortStatCountNumberOfflineSequences
.1.3.6.1.3.94.4.5.1.39, connUnitPortStatCountLinkFailures
.1.3.6.1.3.94.4.5.1.4, connUnitPortStatCountTxObjects
.1.3.6.1.3.94.4.5.1.40, connUnitPortStatCountInvalidCRC
.1.3.6.1.3.94.4.5.1.41, connUnitPortStatCountInvalidTxWords
.1.3.6.1.3.94.4.5.1.42, connUnitPortStatCountPrimitiveSequenceProtocolErrors
.1.3.6.1.3.94.4.5.1.43, connUnitPortStatCountLossofSignal
.1.3.6.1.3.94.4.5.1.44, connUnitPortStatCountLossofSynchronization
.1.3.6.1.3.94.4.5.1.45, connUnitPortStatCountInvalidOrderedSets
.1.3.6.1.3.94.4.5.1.46, connUnitPortStatCountFramesTooLong
.1.3.6.1.3.94.4.5.1.47, connUnitPortStatCountFramesTruncated
.1.3.6.1.3.94.4.5.1.48, connUnitPortStatCountAddressErrors
.1.3.6.1.3.94.4.5.1.49, connUnitPortStatCountDelimiterErrors
.1.3.6.1.3.94.4.5.1.5, connUnitPortStatCountRxObjects
.1.3.6.1.3.94.4.5.1.50, connUnitPortStatCountEncodingDisparityErrors
.1.3.6.1.3.94.4.5.1.6, connUnitPortStatCountTxElements
.1.3.6.1.3.94.4.5.1.7, connUnitPortStatCountRxElements
.1.3.6.1.3.94.4.5.1.8, connUnitPortStatCountBBCreditZero
.1.3.6.1.3.94.4.5.1.9, connUnitPortStatCountInputBuffersFull
.1.3.6.1.3.94.5, connUnitServiceSet
.1.3.6.1.3.94.5.1, connUnitServiceScalars
.1.3.6.1.3.94.5.1.1, connUnitSnsMaxEntry
.1.3.6.1.3.94.5.2, connUnitServiceTables
.1.3.6.1.3.94.5.2.1, connUnitSnsTable
.1.3.6.1.3.94.5.2.1.1, connUnitSnsEntry
.1.3.6.1.3.94.5.2.1.1.1, connUnitSnsId
.1.3.6.1.3.94.5.2.1.1.10, connUnitSnsPortType
.1.3.6.1.3.94.5.2.1.1.11, connUnitSnsPortIPAddress
.1.3.6.1.3.94.5.2.1.1.12, connUnitSnsFabricPortName
.1.3.6.1.3.94.5.2.1.1.13, connUnitSnsHardAddress
.1.3.6.1.3.94.5.2.1.1.14, connUnitSnsSymbolicPortName
.1.3.6.1.3.94.5.2.1.1.15, connUnitSnsSymbolicNodeName
.1.3.6.1.3.94.5.2.1.1.2, connUnitSnsPortIndex
.1.3.6.1.3.94.5.2.1.1.3, connUnitSnsPortIdentifier
.1.3.6.1.3.94.5.2.1.1.4, connUnitSnsPortName
.1.3.6.1.3.94.5.2.1.1.5, connUnitSnsNodeName
.1.3.6.1.3.94.5.2.1.1.6, connUnitSnsClassOfSvc
.1.3.6.1.3.94.5.2.1.1.7, connUnitSnsNodeIPAddress
.1.3.6.1.3.94.5.2.1.1.8, connUnitSnsProcAssoc
.1.3.6.1.3.94.5.2.1.1.9, connUnitSnsFC4Type
.1.3.6.1.4, private
.1.3.6.1.4.1, enterprises
.1.3.6.1.4.1.11, hp
.1.3.6.1.4.1.11.2, nm
.1.3.6.1.4.1.11.2.51, hpMSA
.1.3.6.1.4.1.11.2.51.0, hpMSA#
.1.3.6.1.4.1.11.2.51.0.3001, msaEventInfoTrap
.1.3.6.1.4.1.11.2.51.0.3002, msaEventWarningTrap
.1.3.6.1.4.1.11.2.51.0.3003, msaEventErrorTrap
.1.3.6.1.4.1.11.2.51.0.3004, msaEventCriticalTrap
.1.3.6.1.4.1.11.2.51.1, mibName
.1.3.6.1.4.1.16858.1.1.2.5.1.1, cpuIndex
.1.3.6.1.4.1.16858.1.1.3.1.1.2, procName
.1.3.6.1.4.1.16858.1.1.4.1.1.2, fsMountPoint
.1.3.6.1.4.1.16858.3.0.1, procCrash
.1.3.6.1.4.1.16858.3.0.10, memUtilizationHigh
.1.3.6.1.4.1.16858.3.0.11, netUtilizationHigh
.1.3.6.1.4.1.16858.3.0.12, diskIOHigh
.1.3.6.1.4.1.16858.3.0.13, cmcVersionMismatch
.1.3.6.1.4.1.16858.3.0.14, userLogin
.1.3.6.1.4.1.16858.3.0.15, userLogout
.1.3.6.1.4.1.16858.3.0.16, testTrap
.1.3.6.1.4.1.16858.3.0.17, procRelaunch
.1.3.6.1.4.1.16858.3.0.18, cpuUtilOK
.1.3.6.1.4.1.16858.3.0.19, pagingActivityOK
.1.3.6.1.4.1.16858.3.0.2, procExit
.1.3.6.1.4.1.16858.3.0.20, diskSpaceOK
.1.3.6.1.4.1.16858.3.0.21, netUtilizationOK
.1.3.6.1.4.1.16858.3.0.22, diskIOOK
.1.3.6.1.4.1.16858.3.0.23, memUtilizationOK
.1.3.6.1.4.1.16858.3.0.24, cmcStatusFailureOK
.1.3.6.1.4.1.16858.3.0.3, cpuUtilHigh
.1.3.6.1.4.1.16858.3.0.4, pagingActivityHigh
.1.3.6.1.4.1.16858.3.0.5, smartError
.1.3.6.1.4.1.16858.3.0.6, unexpectedShutdown
.1.3.6.1.4.1.16858.3.0.7, diskSpaceLow
.1.3.6.1.4.1.16858.3.0.8, procLivenessFailure
.1.3.6.1.4.1.16858.3.0.9, cmcStatusFailure
.1.3.6.1.4.1.232, compaq
.1.3.6.1.4.1.232.0, compaq#
.1.3.6.1.4.1.232.0.11001, cpqHoGenericTrap
.1.3.6.1.4.1.232.0.11002, cpqHoAppErrorTrap
.1.3.6.1.4.1.232.0.11003, cpqHo2GenericTrap
.1.3.6.1.4.1.232.0.11004, cpqHo2AppErrorTrap
.1.3.6.1.4.1.232.0.11005, cpqHo2NicStatusOk
.1.3.6.1.4.1.232.0.11006, cpqHo2NicStatusFailed
.1.3.6.1.4.1.232.0.11007, cpqHo2NicSwitchoverOccurred
.1.3.6.1.4.1.232.0.11008, cpqHo2NicStatusOk2
.1.3.6.1.4.1.232.0.11009, cpqHo2NicStatusFailed2
.1.3.6.1.4.1.232.0.11010, cpqHo2NicSwitchoverOccurred2
.1.3.6.1.4.1.232.0.11011, cpqHoProcessEventTrap
.1.3.6.1.4.1.232.0.11012, cpqHoProcessCountWarning
.1.3.6.1.4.1.232.0.11013, cpqHoProcessCountNormal
.1.3.6.1.4.1.232.0.11014, cpqHoCriticalSoftwareUpdateTrap
.1.3.6.1.4.1.232.0.11015, cpqHoCrashDumpNotEnabledTrap
.1.3.6.1.4.1.232.0.11016, cpqHoBootPagingFileTooSmallTrap
.1.3.6.1.4.1.232.0.11017, cpqHoSWRunningStatusChangeTrap
.1.3.6.1.4.1.232.0.11018, cpqHo2PowerThresholdTrap
.1.3.6.1.4.1.232.0.11019, cpqHoBootPagingFileOrFreeSpaceTooSmallTrap
.1.3.6.1.4.1.232.0.22001, cpqRackNameChanged
.1.3.6.1.4.1.232.0.22002, cpqRackEnclosureNameChanged
.1.3.6.1.4.1.232.0.22003, cpqRackEnclosureRemoved
.1.3.6.1.4.1.232.0.22004, cpqRackEnclosureInserted
.1.3.6.1.4.1.232.0.22005, cpqRackEnclosureTempFailed
.1.3.6.1.4.1.232.0.22006, cpqRackEnclosureTempDegraded
.1.3.6.1.4.1.232.0.22007, cpqRackEnclosureTempOk
.1.3.6.1.4.1.232.0.22008, cpqRackEnclosureFanFailed
.1.3.6.1.4.1.232.0.22009, cpqRackEnclosureFanDegraded
.1.3.6.1.4.1.232.0.22010, cpqRackEnclosureFanOk
.1.3.6.1.4.1.232.0.22011, cpqRackEnclosureFanRemoved
.1.3.6.1.4.1.232.0.22012, cpqRackEnclosureFanInserted
.1.3.6.1.4.1.232.0.22013, cpqRackPowerSupplyFailed
.1.3.6.1.4.1.232.0.22014, cpqRackPowerSupplyDegraded
.1.3.6.1.4.1.232.0.22015, cpqRackPowerSupplyOk
.1.3.6.1.4.1.232.0.22016, cpqRackPowerSupplyRemoved
.1.3.6.1.4.1.232.0.22017, cpqRackPowerSupplyInserted
.1.3.6.1.4.1.232.0.22018, cpqRackPowerSubsystemNotRedundant
.1.3.6.1.4.1.232.0.22019, cpqRackPowerSubsystemLineVoltageProblem
.1.3.6.1.4.1.232.0.22020, cpqRackPowerSubsystemOverloadCondition
.1.3.6.1.4.1.232.0.22021, cpqRackPowerShedAutoShutdown
.1.3.6.1.4.1.232.0.22022, cpqRackServerPowerOnFailedNotRedundant
.1.3.6.1.4.1.232.0.22023, cpqRackServerPowerOnFailedNotEnoughPower
.1.3.6.1.4.1.232.0.22024, cpqRackServerPowerOnFailedEnclosureNotFound
.1.3.6.1.4.1.232.0.22025, cpqRackServerPowerOnFailedPowerChassisNotFound
.1.3.6.1.4.1.232.0.22026, cpqRackServerPowerOnManualOverride
.1.3.6.1.4.1.232.0.22027, cpqRackFuseOpen
.1.3.6.1.4.1.232.0.22028, cpqRackServerBladeRemoved
.1.3.6.1.4.1.232.0.22029, cpqRackServerBladeInserted
.1.3.6.1.4.1.232.0.22030, cpqRackPowerChassisNotLoadBalanced
.1.3.6.1.4.1.232.0.22031, cpqRackPowerChassisDcPowerProblem
.1.3.6.1.4.1.232.0.22032, cpqRackPowerChassisAcFacilityPowerExceeded
.1.3.6.1.4.1.232.0.22033, cpqRackPowerUnknownPowerConsumption
.1.3.6.1.4.1.232.0.22034, cpqRackPowerChassisLoadBalancingWireMissing
.1.3.6.1.4.1.232.0.22035, cpqRackPowerChassisTooManyPowerChassis
.1.3.6.1.4.1.232.0.22036, cpqRackPowerChassisConfigError
.1.3.6.1.4.1.232.0.22037, cpqRackEnclosureManagerDegraded
.1.3.6.1.4.1.232.0.22038, cpqRackEnclosureManagerOk
.1.3.6.1.4.1.232.0.22039, cpqRackEnclosureManagerRemoved
.1.3.6.1.4.1.232.0.22040, cpqRackEnclosureManagerInserted
.1.3.6.1.4.1.232.0.22041, cpqRackManagerPrimaryRole
.1.3.6.1.4.1.232.0.22042, cpqRackServerBladeEKeyingFailed
.1.3.6.1.4.1.232.0.22043, cpqRackServerBladeEKeyingOK
.1.3.6.1.4.1.232.0.22044, cpqRackNetConnectorRemoved
.1.3.6.1.4.1.232.0.22045, cpqRackNetConnectorInserted
.1.3.6.1.4.1.232.0.22046, cpqRackNetConnectorFailed
.1.3.6.1.4.1.232.0.22047, cpqRackNetConnectorDegraded
.1.3.6.1.4.1.232.0.22048, cpqRackNetConnectorOk
.1.3.6.1.4.1.232.0.22049, cpqRackServerBladeToLowPower
.1.3.6.1.4.1.232.0.22050, cpqRackServerBladeRemoved2
.1.3.6.1.4.1.232.0.22051, cpqRackServerBladeInserted2
.1.3.6.1.4.1.232.0.22052, cpqRackServerBladeStatusRepaired
.1.3.6.1.4.1.232.0.22053, cpqRackServerBladeStatusDegraded
.1.3.6.1.4.1.232.0.22054, cpqRackServerBladeStatusCritical
.1.3.6.1.4.1.232.0.22055, cpqRackServerBladeGrpCapTimeout
.1.3.6.1.4.1.232.0.22056, cpqRackServerBladeUnexpectedShutdown
.1.3.6.1.4.1.232.0.22057, cpqRackServerBladeMangementControllerFirmwareUpdating
.1.3.6.1.4.1.232.0.22058, cpqRackServerBladeMangementControllerFirmwareUpdateComplete
.1.3.6.1.4.1.232.0.22059, cpqRackServerBladeSystemBIOSFirmwareUpdating
.1.3.6.1.4.1.232.0.22060, cpqRackServerBladeSystemBIOSFirmwareUpdateCompleted
.1.3.6.1.4.1.232.0.22061, cpqRackServerBladeFrontIOBlankingActive
.1.3.6.1.4.1.232.0.22062, cpqRackServerBladeRemoteFrontIOBlankingInactive
.1.3.6.1.4.1.232.0.22063, cpqRackServerBladeDiagnosticAdaptorInserted
.1.3.6.1.4.1.232.0.22064, cpqRackServerBladeDiagnosticAdaptorRemoved
.1.3.6.1.4.1.232.0.22065, cpqRackServerBladeEnteredPXEBootMode
.1.3.6.1.4.1.232.0.22066, cpqRackServerBladeExitedPXEBootMode
.1.3.6.1.4.1.232.0.22067, cpqRackServerBladeWarmReset
.1.3.6.1.4.1.232.0.22068, cpqRackServerBladePOSTCompleted
.1.3.6.1.4.1.232.0.22069, cpqRackServerBladePoweredOn
.1.3.6.1.4.1.232.0.22070, cpqRackServerBladePoweredOff
.1.3.6.1.4.1.232.11, cpqHostOs
.1.3.6.1.4.1.232.11.1, cpqHoMibRev
.1.3.6.1.4.1.232.11.1.1, cpqHoMibRevMajor
.1.3.6.1.4.1.232.11.1.2, cpqHoMibRevMinor
.1.3.6.1.4.1.232.11.1.3, cpqHoMibCondition
.1.3.6.1.4.1.232.11.2, cpqHoComponent
.1.3.6.1.4.1.232.11.2.1, cpqHoInterface
.1.3.6.1.4.1.232.11.2.1.4, cpqHoOsCommon
.1.3.6.1.4.1.232.11.2.1.4.1, cpqHoOsCommonPollFreq
.1.3.6.1.4.1.232.11.2.1.4.2, cpqHoOsCommonModuleTable
.1.3.6.1.4.1.232.11.2.1.4.2.1, cpqHoOsCommonModuleEntry
.1.3.6.1.4.1.232.11.2.1.4.2.1.1, cpqHoOsCommonModuleIndex
.1.3.6.1.4.1.232.11.2.1.4.2.1.2, cpqHoOsCommonModuleName
.1.3.6.1.4.1.232.11.2.1.4.2.1.3, cpqHoOsCommonModuleVersion
.1.3.6.1.4.1.232.11.2.1.4.2.1.4, cpqHoOsCommonModuleDate
.1.3.6.1.4.1.232.11.2.1.4.2.1.5, cpqHoOsCommonModulePurpose
.1.3.6.1.4.1.232.11.2.10, cpqHoSystemStatus
.1.3.6.1.4.1.232.11.2.10.1, cpqHoMibStatusArray
.1.3.6.1.4.1.232.11.2.10.2, cpqHoConfigChangedDate
.1.3.6.1.4.1.232.11.2.10.3, cpqHoGUID
.1.3.6.1.4.1.232.11.2.10.4, cpqHoCodeServer
.1.3.6.1.4.1.232.11.2.10.5, cpqHoWebMgmtPort
.1.3.6.1.4.1.232.11.2.10.6, cpqHoGUIDCanonical
.1.3.6.1.4.1.232.11.2.11, cpqHoTrapInfo
.1.3.6.1.4.1.232.11.2.11.1, cpqHoTrapFlags
.1.3.6.1.4.1.232.11.2.12, cpqHoClients
.1.3.6.1.4.1.232.11.2.12.1, cpqHoClientLastModified
.1.3.6.1.4.1.232.11.2.12.2, cpqHoClientDelete
.1.3.6.1.4.1.232.11.2.12.3, cpqHoClientTable
.1.3.6.1.4.1.232.11.2.12.3.1, cpqHoClientEntry
.1.3.6.1.4.1.232.11.2.12.3.1.1, cpqHoClientIndex
.1.3.6.1.4.1.232.11.2.12.3.1.2, cpqHoClientName
.1.3.6.1.4.1.232.11.2.12.3.1.3, cpqHoClientIpxAddress
.1.3.6.1.4.1.232.11.2.12.3.1.4, cpqHoClientIpAddress
.1.3.6.1.4.1.232.11.2.12.3.1.5, cpqHoClientCommunity
.1.3.6.1.4.1.232.11.2.12.3.1.6, cpqHoClientID
.1.3.6.1.4.1.232.11.2.13, cpqHoMemory
.1.3.6.1.4.1.232.11.2.13.1, cpqHoPhysicalMemorySize
.1.3.6.1.4.1.232.11.2.13.2, cpqHoPhysicalMemoryFree
.1.3.6.1.4.1.232.11.2.13.3, cpqHoPagingMemorySize
.1.3.6.1.4.1.232.11.2.13.4, cpqHoPagingMemoryFree
.1.3.6.1.4.1.232.11.2.13.5, cpqHoBootPagingFileSize
.1.3.6.1.4.1.232.11.2.13.6, cpqHoBootPagingFileMinimumSize
.1.3.6.1.4.1.232.11.2.13.7, cpqHoBootPagingFileVolumeFreeSpace
.1.3.6.1.4.1.232.11.2.14, cpqHoFwVer
.1.3.6.1.4.1.232.11.2.14.1, cpqHoFwVerTable
.1.3.6.1.4.1.232.11.2.14.1.1, cpqHoFwVerEntry
.1.3.6.1.4.1.232.11.2.14.1.1.1, cpqHoFwVerIndex
.1.3.6.1.4.1.232.11.2.14.1.1.2, cpqHoFwVerCategory
.1.3.6.1.4.1.232.11.2.14.1.1.3, cpqHoFwVerDeviceType
.1.3.6.1.4.1.232.11.2.14.1.1.4, cpqHoFwVerDisplayName
.1.3.6.1.4.1.232.11.2.14.1.1.5, cpqHoFwVerVersion
.1.3.6.1.4.1.232.11.2.14.1.1.6, cpqHoFwVerLocation
.1.3.6.1.4.1.232.11.2.14.1.1.7, cpqHoFwVerXmlString
.1.3.6.1.4.1.232.11.2.14.1.1.8, cpqHoFwVerKeyString
.1.3.6.1.4.1.232.11.2.14.1.1.9, cpqHoFwVerUpdateMethod
.1.3.6.1.4.1.232.11.2.15, cpqHoHWInfo
.1.3.6.1.4.1.232.11.2.15.1, cpqHoHWInfoPlatform
.1.3.6.1.4.1.232.11.2.16, cpqPwrThreshold
.1.3.6.1.4.1.232.11.2.16.1, cpqPwrWarnType
.1.3.6.1.4.1.232.11.2.16.2, cpqPwrWarnThreshold
.1.3.6.1.4.1.232.11.2.16.3, cpqPwrWarnDuration
.1.3.6.1.4.1.232.11.2.16.4, cpqSerialNum
.1.3.6.1.4.1.232.11.2.16.5, cpqServerUUID
.1.3.6.1.4.1.232.11.2.2, cpqHoInfo
.1.3.6.1.4.1.232.11.2.2.1, cpqHoName
.1.3.6.1.4.1.232.11.2.2.10, cpqHoCrashDumpMonitoring
.1.3.6.1.4.1.232.11.2.2.11, cpqHoMaxLogicalCPUSupported
.1.3.6.1.4.1.232.11.2.2.2, cpqHoVersion
.1.3.6.1.4.1.232.11.2.2.3, cpqHoDesc
.1.3.6.1.4.1.232.11.2.2.4, cpqHoOsType
.1.3.6.1.4.1.232.11.2.2.5, cpqHoTelnet
.1.3.6.1.4.1.232.11.2.2.6, cpqHoSystemRole
.1.3.6.1.4.1.232.11.2.2.7, cpqHoSystemRoleDetail
.1.3.6.1.4.1.232.11.2.2.8, cpqHoCrashDumpState
.1.3.6.1.4.1.232.11.2.2.9, cpqHoCrashDumpCondition
.1.3.6.1.4.1.232.11.2.3, cpqHoUtil
.1.3.6.1.4.1.232.11.2.3.1, cpqHoCpuUtilTable
.1.3.6.1.4.1.232.11.2.3.1.1, cpqHoCpuUtilEntry
.1.3.6.1.4.1.232.11.2.3.1.1.1, cpqHoCpuUtilUnitIndex
.1.3.6.1.4.1.232.11.2.3.1.1.2, cpqHoCpuUtilMin
.1.3.6.1.4.1.232.11.2.3.1.1.3, cpqHoCpuUtilFiveMin
.1.3.6.1.4.1.232.11.2.3.1.1.4, cpqHoCpuUtilThirtyMin
.1.3.6.1.4.1.232.11.2.3.1.1.5, cpqHoCpuUtilHour
.1.3.6.1.4.1.232.11.2.3.1.1.6, cpqHoCpuUtilHwLocation
.1.3.6.1.4.1.232.11.2.4, cpqHoFileSys
.1.3.6.1.4.1.232.11.2.4.1, cpqHoFileSysTable
.1.3.6.1.4.1.232.11.2.4.1.1, cpqHoFileSysEntry
.1.3.6.1.4.1.232.11.2.4.1.1.1, cpqHoFileSysIndex
.1.3.6.1.4.1.232.11.2.4.1.1.2, cpqHoFileSysDesc
.1.3.6.1.4.1.232.11.2.4.1.1.3, cpqHoFileSysSpaceTotal
.1.3.6.1.4.1.232.11.2.4.1.1.4, cpqHoFileSysSpaceUsed
.1.3.6.1.4.1.232.11.2.4.1.1.5, cpqHoFileSysPercentSpaceUsed
.1.3.6.1.4.1.232.11.2.4.1.1.6, cpqHoFileSysAllocUnitsTotal
.1.3.6.1.4.1.232.11.2.4.1.1.7, cpqHoFileSysAllocUnitsUsed
.1.3.6.1.4.1.232.11.2.4.1.1.8, cpqHoFileSysStatus
.1.3.6.1.4.1.232.11.2.4.2, cpqHoFileSysCondition
.1.3.6.1.4.1.232.11.2.5, cpqHoIfPhysMap
.1.3.6.1.4.1.232.11.2.5.1, cpqHoIfPhysMapTable
.1.3.6.1.4.1.232.11.2.5.1.1, cpqHoIfPhysMapEntry
.1.3.6.1.4.1.232.11.2.5.1.1.1, cpqHoIfPhysMapIndex
.1.3.6.1.4.1.232.11.2.5.1.1.2, cpqHoIfPhysMapSlot
.1.3.6.1.4.1.232.11.2.5.1.1.3, cpqHoIfPhysMapIoBaseAddr
.1.3.6.1.4.1.232.11.2.5.1.1.4, cpqHoIfPhysMapIrq
.1.3.6.1.4.1.232.11.2.5.1.1.5, cpqHoIfPhysMapDma
.1.3.6.1.4.1.232.11.2.5.1.1.6, cpqHoIfPhysMapMemBaseAddr
.1.3.6.1.4.1.232.11.2.5.1.1.7, cpqHoIfPhysMapPort
.1.3.6.1.4.1.232.11.2.5.1.1.8, cpqHoIfPhysMapDuplexState
.1.3.6.1.4.1.232.11.2.5.1.1.9, cpqHoIfPhysMapCondition
.1.3.6.1.4.1.232.11.2.5.2, cpqHoIfPhysMapOverallCondition
.1.3.6.1.4.1.232.11.2.6, cpqHoSWRunning
.1.3.6.1.4.1.232.11.2.6.1, cpqHoSWRunningTable
.1.3.6.1.4.1.232.11.2.6.1.1, cpqHoSWRunningEntry
.1.3.6.1.4.1.232.11.2.6.1.1.1, cpqHoSWRunningIndex
.1.3.6.1.4.1.232.11.2.6.1.1.10, cpqHoSWRunningCountMax
.1.3.6.1.4.1.232.11.2.6.1.1.11, cpqHoSWRunningEventTime
.1.3.6.1.4.1.232.11.2.6.1.1.12, cpqHoSWRunningStatus
.1.3.6.1.4.1.232.11.2.6.1.1.13, cpqHoSWRunningConfigStatus
.1.3.6.1.4.1.232.11.2.6.1.1.14, cpqHoSWRunningIdentifier
.1.3.6.1.4.1.232.11.2.6.1.1.15, cpqHoSWRunningRedundancyMode
.1.3.6.1.4.1.232.11.2.6.1.1.2, cpqHoSWRunningName
.1.3.6.1.4.1.232.11.2.6.1.1.3, cpqHoSWRunningDesc
.1.3.6.1.4.1.232.11.2.6.1.1.4, cpqHoSWRunningVersion
.1.3.6.1.4.1.232.11.2.6.1.1.5, cpqHoSWRunningDate
.1.3.6.1.4.1.232.11.2.6.1.1.6, cpqHoSWRunningMonitor
.1.3.6.1.4.1.232.11.2.6.1.1.7, cpqHoSWRunningState
.1.3.6.1.4.1.232.11.2.6.1.1.8, cpqHoSWRunningCount
.1.3.6.1.4.1.232.11.2.6.1.1.9, cpqHoSWRunningCountMin
.1.3.6.1.4.1.232.11.2.6.2, cpqHoSwRunningTrapDesc
.1.3.6.1.4.1.232.11.2.7, cpqHoSwVer
.1.3.6.1.4.1.232.11.2.7.1, cpqHoSwVerNextIndex
.1.3.6.1.4.1.232.11.2.7.2, cpqHoSwVerTable
.1.3.6.1.4.1.232.11.2.7.2.1, cpqHoSwVerEntry
.1.3.6.1.4.1.232.11.2.7.2.1.1, cpqHoSwVerIndex
.1.3.6.1.4.1.232.11.2.7.2.1.2, cpqHoSwVerStatus
.1.3.6.1.4.1.232.11.2.7.2.1.3, cpqHoSwVerType
.1.3.6.1.4.1.232.11.2.7.2.1.4, cpqHoSwVerName
.1.3.6.1.4.1.232.11.2.7.2.1.5, cpqHoSwVerDescription
.1.3.6.1.4.1.232.11.2.7.2.1.6, cpqHoSwVerDate
.1.3.6.1.4.1.232.11.2.7.2.1.7, cpqHoSwVerLocation
.1.3.6.1.4.1.232.11.2.7.2.1.8, cpqHoSwVerVersion
.1.3.6.1.4.1.232.11.2.7.2.1.9, cpqHoSwVerVersionBinary
.1.3.6.1.4.1.232.11.2.7.3, cpqHoSwVerAgentsVer
.1.3.6.1.4.1.232.11.2.8, cpqHoGeneric
.1.3.6.1.4.1.232.11.2.8.1, cpqHoGenericData
.1.3.6.1.4.1.232.11.2.8.2, cpqHoCriticalSoftwareUpdateData
.1.3.6.1.4.1.232.11.2.9, cpqHoSwPerf
.1.3.6.1.4.1.232.11.2.9.1, cpqHoSwPerfAppErrorDesc
.1.3.6.1.4.1.232.22, cpqRackInfo
.1.3.6.1.4.1.232.22.1, cpqRackMibRev
.1.3.6.1.4.1.232.22.1.1, cpqRackMibRevMajor
.1.3.6.1.4.1.232.22.1.2, cpqRackMibRevMinor
.1.3.6.1.4.1.232.22.1.3, cpqRackMibCondition
.1.3.6.1.4.1.232.22.2, cpqRackComponent
.1.3.6.1.4.1.232.22.2.1, cpqRackInterface
.1.3.6.1.4.1.232.22.2.1.4, cpqRackOsCommon
.1.3.6.1.4.1.232.22.2.1.4.1, cpqRackOsCommonPollFreq
.1.3.6.1.4.1.232.22.2.2, cpqRackAsset
.1.3.6.1.4.1.232.22.2.2.1, cpqRackAssetTable
.1.3.6.1.4.1.232.22.2.2.1.1, cpqRackAssetEntry
.1.3.6.1.4.1.232.22.2.2.1.1.1, cpqRackAssetIndex
.1.3.6.1.4.1.232.22.2.2.1.1.2, cpqRackName
.1.3.6.1.4.1.232.22.2.2.1.1.3, cpqRackUid
.1.3.6.1.4.1.232.22.2.2.1.1.4, cpqRackSerialNum
.1.3.6.1.4.1.232.22.2.2.1.1.5, cpqRackTrapSequenceNum
.1.3.6.1.4.1.232.22.2.2.1.1.6, cpqRackHeight
.1.3.6.1.4.1.232.22.2.2.1.1.7, cpqRackWidth
.1.3.6.1.4.1.232.22.2.2.1.1.8, cpqRackDepth
.1.3.6.1.4.1.232.22.2.3, cpqRackEnclosure
.1.3.6.1.4.1.232.22.2.3.1, cpqRackCommonEnclosure
.1.3.6.1.4.1.232.22.2.3.1.1, cpqRackCommonEnclosureTable
.1.3.6.1.4.1.232.22.2.3.1.1.1, cpqRackCommonEnclosureEntry
.1.3.6.1.4.1.232.22.2.3.1.1.1.1, cpqRackCommonEnclosureRack
.1.3.6.1.4.1.232.22.2.3.1.1.1.10, cpqRackCommonEnclosureNeighborNamePrev
.1.3.6.1.4.1.232.22.2.3.1.1.1.11, cpqRackCommonEnclosureNeighborNameNext
.1.3.6.1.4.1.232.22.2.3.1.1.1.12, cpqRackCommonEnclosureHeight
.1.3.6.1.4.1.232.22.2.3.1.1.1.13, cpqRackCommonEnclosureWidth
.1.3.6.1.4.1.232.22.2.3.1.1.1.14, cpqRackCommonEnclosureDepth
.1.3.6.1.4.1.232.22.2.3.1.1.1.15, cpqRackCommonEnclosureTrapSequenceNum
.1.3.6.1.4.1.232.22.2.3.1.1.1.16, cpqRackCommonEnclosureCondition
.1.3.6.1.4.1.232.22.2.3.1.1.1.17, cpqRackCommonEnclosureHasServerBlades
.1.3.6.1.4.1.232.22.2.3.1.1.1.18, cpqRackCommonEnclosureHasPowerSupplies
.1.3.6.1.4.1.232.22.2.3.1.1.1.19, cpqRackCommonEnclosureHasNetConnectors
.1.3.6.1.4.1.232.22.2.3.1.1.1.2, cpqRackCommonEnclosureIndex
.1.3.6.1.4.1.232.22.2.3.1.1.1.20, cpqRackCommonEnclosureHasTempSensors
.1.3.6.1.4.1.232.22.2.3.1.1.1.21, cpqRackCommonEnclosureHasFans
.1.3.6.1.4.1.232.22.2.3.1.1.1.22, cpqRackCommonEnclosureHasFuses
.1.3.6.1.4.1.232.22.2.3.1.1.1.23, cpqRackCommonEnclosureMgmtUID
.1.3.6.1.4.1.232.22.2.3.1.1.1.24, cpqRackCommonEnclosureSerialNumPrev
.1.3.6.1.4.1.232.22.2.3.1.1.1.25, cpqRackCommonEnclosureSerialNumNext
.1.3.6.1.4.1.232.22.2.3.1.1.1.26, cpqRackCommonEnclosureAddress
.1.3.6.1.4.1.232.22.2.3.1.1.1.27, cpqRackCommonEnclosureProductId
.1.3.6.1.4.1.232.22.2.3.1.1.1.28, cpqRackCommonEnclosureProductIdPrev
.1.3.6.1.4.1.232.22.2.3.1.1.1.29, cpqRackCommonEnclosureProductIdNext
.1.3.6.1.4.1.232.22.2.3.1.1.1.3, cpqRackCommonEnclosureModel
.1.3.6.1.4.1.232.22.2.3.1.1.1.30, cpqRackCommonEnclosureUUID
.1.3.6.1.4.1.232.22.2.3.1.1.1.31, cpqRackCommonEnclosureUUIDPrev
.1.3.6.1.4.1.232.22.2.3.1.1.1.32, cpqRackCommonEnclosureUUIDNext
.1.3.6.1.4.1.232.22.2.3.1.1.1.33, cpqRackCommonEnclosureHasManagers
.1.3.6.1.4.1.232.22.2.3.1.1.1.4, cpqRackCommonEnclosureAssetTag
.1.3.6.1.4.1.232.22.2.3.1.1.1.5, cpqRackCommonEnclosurePartNumber
.1.3.6.1.4.1.232.22.2.3.1.1.1.6, cpqRackCommonEnclosureSparePartNumber
.1.3.6.1.4.1.232.22.2.3.1.1.1.7, cpqRackCommonEnclosureSerialNum
.1.3.6.1.4.1.232.22.2.3.1.1.1.8, cpqRackCommonEnclosureFWRev
.1.3.6.1.4.1.232.22.2.3.1.1.1.9, cpqRackCommonEnclosureName
.1.3.6.1.4.1.232.22.2.3.1.2, cpqRackCommonEnclosureTempTable
.1.3.6.1.4.1.232.22.2.3.1.2.1, cpqRackCommonEnclosureTempEntry
.1.3.6.1.4.1.232.22.2.3.1.2.1.1, cpqRackCommonEnclosureTempRack
.1.3.6.1.4.1.232.22.2.3.1.2.1.10, cpqRackCommonEnclosureTempSensorEnclosureSerialNum
.1.3.6.1.4.1.232.22.2.3.1.2.1.2, cpqRackCommonEnclosureTempChassis
.1.3.6.1.4.1.232.22.2.3.1.2.1.3, cpqRackCommonEnclosureTempSensorIndex
.1.3.6.1.4.1.232.22.2.3.1.2.1.4, cpqRackCommonEnclosureTempSensorEnclosureName
.1.3.6.1.4.1.232.22.2.3.1.2.1.5, cpqRackCommonEnclosureTempLocation
.1.3.6.1.4.1.232.22.2.3.1.2.1.6, cpqRackCommonEnclosureTempCurrent
.1.3.6.1.4.1.232.22.2.3.1.2.1.7, cpqRackCommonEnclosureTempThreshold
.1.3.6.1.4.1.232.22.2.3.1.2.1.8, cpqRackCommonEnclosureTempCondition
.1.3.6.1.4.1.232.22.2.3.1.2.1.9, cpqRackCommonEnclosureTempType
.1.3.6.1.4.1.232.22.2.3.1.3, cpqRackCommonEnclosureFanTable
.1.3.6.1.4.1.232.22.2.3.1.3.1, cpqRackCommonEnclosureFanEntry
.1.3.6.1.4.1.232.22.2.3.1.3.1.1, cpqRackCommonEnclosureFanRack
.1.3.6.1.4.1.232.22.2.3.1.3.1.10, cpqRackCommonEnclosureFanRedundantGroupId
.1.3.6.1.4.1.232.22.2.3.1.3.1.11, cpqRackCommonEnclosureFanCondition
.1.3.6.1.4.1.232.22.2.3.1.3.1.12, cpqRackCommonEnclosureFanEnclosureSerialNum
.1.3.6.1.4.1.232.22.2.3.1.3.1.2, cpqRackCommonEnclosureFanChassis
.1.3.6.1.4.1.232.22.2.3.1.3.1.3, cpqRackCommonEnclosureFanIndex
.1.3.6.1.4.1.232.22.2.3.1.3.1.4, cpqRackCommonEnclosureFanEnclosureName
.1.3.6.1.4.1.232.22.2.3.1.3.1.5, cpqRackCommonEnclosureFanLocation
.1.3.6.1.4.1.232.22.2.3.1.3.1.6, cpqRackCommonEnclosureFanPartNumber
.1.3.6.1.4.1.232.22.2.3.1.3.1.7, cpqRackCommonEnclosureFanSparePartNumber
.1.3.6.1.4.1.232.22.2.3.1.3.1.8, cpqRackCommonEnclosureFanPresent
.1.3.6.1.4.1.232.22.2.3.1.3.1.9, cpqRackCommonEnclosureFanRedundant
.1.3.6.1.4.1.232.22.2.3.1.4, cpqRackCommonEnclosureFuseTable
.1.3.6.1.4.1.232.22.2.3.1.4.1, cpqRackCommonEnclosureFuseEntry
.1.3.6.1.4.1.232.22.2.3.1.4.1.1, cpqRackCommonEnclosureFuseRack
.1.3.6.1.4.1.232.22.2.3.1.4.1.2, cpqRackCommonEnclosureFuseChassis
.1.3.6.1.4.1.232.22.2.3.1.4.1.3, cpqRackCommonEnclosureFuseIndex
.1.3.6.1.4.1.232.22.2.3.1.4.1.4, cpqRackCommonEnclosureFuseEnclosureName
.1.3.6.1.4.1.232.22.2.3.1.4.1.5, cpqRackCommonEnclosureFuseLocation
.1.3.6.1.4.1.232.22.2.3.1.4.1.6, cpqRackCommonEnclosureFusePresent
.1.3.6.1.4.1.232.22.2.3.1.4.1.7, cpqRackCommonEnclosureFuseCondition
.1.3.6.1.4.1.232.22.2.3.1.5, cpqRackCommonEnclosureFruTable
.1.3.6.1.4.1.232.22.2.3.1.5.1, cpqRackCommonEnclosureFruEntry
.1.3.6.1.4.1.232.22.2.3.1.5.1.1, cpqRackCommonEnclosureFruRack
.1.3.6.1.4.1.232.22.2.3.1.5.1.10, cpqRackCommonEnclosureFruSerialNum
.1.3.6.1.4.1.232.22.2.3.1.5.1.2, cpqRackCommonEnclosureFruChassis
.1.3.6.1.4.1.232.22.2.3.1.5.1.3, cpqRackCommonEnclosureFruIndex
.1.3.6.1.4.1.232.22.2.3.1.5.1.4, cpqRackCommonEnclosureFruEnclosureName
.1.3.6.1.4.1.232.22.2.3.1.5.1.5, cpqRackCommonEnclosureFruDescription
.1.3.6.1.4.1.232.22.2.3.1.5.1.6, cpqRackCommonEnclosureFruLocation
.1.3.6.1.4.1.232.22.2.3.1.5.1.7, cpqRackCommonEnclosureFruAssemblyPartNumber
.1.3.6.1.4.1.232.22.2.3.1.5.1.8, cpqRackCommonEnclosureFruSparePartNumber
.1.3.6.1.4.1.232.22.2.3.1.5.1.9, cpqRackCommonEnclosureFruAutoRev
.1.3.6.1.4.1.232.22.2.3.1.6, cpqRackCommonEnclosureManagerTable
.1.3.6.1.4.1.232.22.2.3.1.6.1, cpqRackCommonEnclosureManagerEntry
.1.3.6.1.4.1.232.22.2.3.1.6.1.1, cpqRackCommonEnclosureManagerRack
.1.3.6.1.4.1.232.22.2.3.1.6.1.10, cpqRackCommonEnclosureManagerPresent
.1.3.6.1.4.1.232.22.2.3.1.6.1.11, cpqRackCommonEnclosureManagerRedundant
.1.3.6.1.4.1.232.22.2.3.1.6.1.12, cpqRackCommonEnclosureManagerCondition
.1.3.6.1.4.1.232.22.2.3.1.6.1.13, cpqRackCommonEnclosureManagerEnclosureSerialNum
.1.3.6.1.4.1.232.22.2.3.1.6.1.14, cpqRackCommonEnclosureManagerUUID
.1.3.6.1.4.1.232.22.2.3.1.6.1.15, cpqRackCommonEnclosureManagerFWRev
.1.3.6.1.4.1.232.22.2.3.1.6.1.2, cpqRackCommonEnclosureManagerChassis
.1.3.6.1.4.1.232.22.2.3.1.6.1.3, cpqRackCommonEnclosureManagerIndex
.1.3.6.1.4.1.232.22.2.3.1.6.1.4, cpqRackCommonEnclosureManagerEnclosureName
.1.3.6.1.4.1.232.22.2.3.1.6.1.5, cpqRackCommonEnclosureManagerLocation
.1.3.6.1.4.1.232.22.2.3.1.6.1.6, cpqRackCommonEnclosureManagerPartNumber
.1.3.6.1.4.1.232.22.2.3.1.6.1.7, cpqRackCommonEnclosureManagerSparePartNumber
.1.3.6.1.4.1.232.22.2.3.1.6.1.8, cpqRackCommonEnclosureManagerSerialNum
.1.3.6.1.4.1.232.22.2.3.1.6.1.9, cpqRackCommonEnclosureManagerRole
.1.3.6.1.4.1.232.22.2.3.2, cpqRackServerEnclosure
.1.3.6.1.4.1.232.22.2.3.2.1, cpqRackServerEnclosureTable
.1.3.6.1.4.1.232.22.2.3.2.1.1, cpqRackServerEnclosureEntry
.1.3.6.1.4.1.232.22.2.3.2.1.1.1, cpqRackServerEnclosureRack
.1.3.6.1.4.1.232.22.2.3.2.1.1.2, cpqRackServerEnclosureIndex
.1.3.6.1.4.1.232.22.2.3.2.1.1.3, cpqRackServerEnclosureName
.1.3.6.1.4.1.232.22.2.3.2.1.1.4, cpqRackServerEnclosureMaxNumBlades
.1.3.6.1.4.1.232.22.2.3.2.1.1.5, cpqRackServerEnclosureMaxNumBladesX
.1.3.6.1.4.1.232.22.2.3.2.1.1.6, cpqRackServerEnclosureMaxNumBladesY
.1.3.6.1.4.1.232.22.2.3.3, cpqRackPowerEnclosure
.1.3.6.1.4.1.232.22.2.3.3.1, cpqRackPowerEnclosureTable
.1.3.6.1.4.1.232.22.2.3.3.1.1, cpqRackPowerEnclosureEntry
.1.3.6.1.4.1.232.22.2.3.3.1.1.1, cpqRackPowerEnclosureRack
.1.3.6.1.4.1.232.22.2.3.3.1.1.10, cpqRackPowerEnclosureBladeAutopoweron
.1.3.6.1.4.1.232.22.2.3.3.1.1.2, cpqRackPowerEnclosureIndex
.1.3.6.1.4.1.232.22.2.3.3.1.1.3, cpqRackPowerEnclosureName
.1.3.6.1.4.1.232.22.2.3.3.1.1.4, cpqRackPowerEnclosureMgmtBoardSerialNum
.1.3.6.1.4.1.232.22.2.3.3.1.1.5, cpqRackPowerEnclosureRedundant
.1.3.6.1.4.1.232.22.2.3.3.1.1.6, cpqRackPowerEnclosureLoadBalanced
.1.3.6.1.4.1.232.22.2.3.3.1.1.7, cpqRackPowerEnclosureInputPwrType
.1.3.6.1.4.1.232.22.2.3.3.1.1.8, cpqRackPowerEnclosurePwrFeedMax
.1.3.6.1.4.1.232.22.2.3.3.1.1.9, cpqRackPowerEnclosureCondition
.1.3.6.1.4.1.232.22.2.4, cpqRackServer
.1.3.6.1.4.1.232.22.2.4.1, cpqRackServerBlade
.1.3.6.1.4.1.232.22.2.4.1.1, cpqRackServerBladeTable
.1.3.6.1.4.1.232.22.2.4.1.1.1, cpqRackServerBladeEntry
.1.3.6.1.4.1.232.22.2.4.1.1.1.1, cpqRackServerBladeRack
.1.3.6.1.4.1.232.22.2.4.1.1.1.10, cpqRackServerBladeWidth
.1.3.6.1.4.1.232.22.2.4.1.1.1.11, cpqRackServerBladeDepth
.1.3.6.1.4.1.232.22.2.4.1.1.1.12, cpqRackServerBladePresent
.1.3.6.1.4.1.232.22.2.4.1.1.1.13, cpqRackServerBladeHasFuses
.1.3.6.1.4.1.232.22.2.4.1.1.1.14, cpqRackServerBladeEnclosureSerialNum
.1.3.6.1.4.1.232.22.2.4.1.1.1.15, cpqRackServerBladeSlotsUsed
.1.3.6.1.4.1.232.22.2.4.1.1.1.16, cpqRackServerBladeSerialNum
.1.3.6.1.4.1.232.22.2.4.1.1.1.17, cpqRackServerBladeProductId
.1.3.6.1.4.1.232.22.2.4.1.1.1.18, cpqRackServerBladeUid
.1.3.6.1.4.1.232.22.2.4.1.1.1.19, cpqRackServerBladeSlotsUsedX
.1.3.6.1.4.1.232.22.2.4.1.1.1.2, cpqRackServerBladeChassis
.1.3.6.1.4.1.232.22.2.4.1.1.1.20, cpqRackServerBladeSlotsUsedY
.1.3.6.1.4.1.232.22.2.4.1.1.1.21, cpqRackServerBladeStatus
.1.3.6.1.4.1.232.22.2.4.1.1.1.22, cpqRackServerBladeFaultMajor
.1.3.6.1.4.1.232.22.2.4.1.1.1.23, cpqRackServerBladeFaultMinor
.1.3.6.1.4.1.232.22.2.4.1.1.1.24, cpqRackServerBladeFaultDiagnosticString
.1.3.6.1.4.1.232.22.2.4.1.1.1.25, cpqRackServerBladePowered
.1.3.6.1.4.1.232.22.2.4.1.1.1.26, cpqRackServerBladeUIDState
.1.3.6.1.4.1.232.22.2.4.1.1.1.27, cpqRackServerBladeSystemBIOSRevision
.1.3.6.1.4.1.232.22.2.4.1.1.1.28, cpqRackServerBladeSystemBIOSFlashingStatus
.1.3.6.1.4.1.232.22.2.4.1.1.1.29, cpqRackServerBladeHasManagementDevice
.1.3.6.1.4.1.232.22.2.4.1.1.1.3, cpqRackServerBladeIndex
.1.3.6.1.4.1.232.22.2.4.1.1.1.30, cpqRackServerBladeManagementDeviceFirmwareRevision
.1.3.6.1.4.1.232.22.2.4.1.1.1.31, cpqRackServerBladeManagementDeviceFirmwareFlashingStatus
.1.3.6.1.4.1.232.22.2.4.1.1.1.32, cpqRackServerBladeDiagnosticAdaptorPresence
.1.3.6.1.4.1.232.22.2.4.1.1.1.33, cpqRackServerBladeASREnabled
.1.3.6.1.4.1.232.22.2.4.1.1.1.34, cpqRackServerBladeFrontIOBlankingModeStatus
.1.3.6.1.4.1.232.22.2.4.1.1.1.35, cpqRackServerBladePOSTStatus
.1.3.6.1.4.1.232.22.2.4.1.1.1.36, cpqRackServerBladePXEBootModeStatus
.1.3.6.1.4.1.232.22.2.4.1.1.1.37, cpqRackServerBladePendingBootOrderChange
.1.3.6.1.4.1.232.22.2.4.1.1.1.4, cpqRackServerBladeName
.1.3.6.1.4.1.232.22.2.4.1.1.1.5, cpqRackServerBladeEnclosureName
.1.3.6.1.4.1.232.22.2.4.1.1.1.6, cpqRackServerBladePartNumber
.1.3.6.1.4.1.232.22.2.4.1.1.1.7, cpqRackServerBladeSparePartNumber
.1.3.6.1.4.1.232.22.2.4.1.1.1.8, cpqRackServerBladePosition
.1.3.6.1.4.1.232.22.2.4.1.1.1.9, cpqRackServerBladeHeight
.1.3.6.1.4.1.232.22.2.4.2, cpqRackServerNetworking
.1.3.6.1.4.1.232.22.2.4.2.1, cpqRackServerNetworkingTable
.1.3.6.1.4.1.232.22.2.4.2.1.1, cpqRackServerNetworkingEntry
.1.3.6.1.4.1.232.22.2.4.2.1.1.1, cpqRackServerNetworkingRack
.1.3.6.1.4.1.232.22.2.4.2.1.1.2, cpqRackServerNetworkingChassis
.1.3.6.1.4.1.232.22.2.4.2.1.1.3, cpqRackServerNetworkingIndex
.1.3.6.1.4.1.232.22.2.4.2.1.1.4, cpqRackServerNetworkingName
.1.3.6.1.4.1.232.22.2.4.2.1.1.5, cpqRackServerNetworkingEnclosureName
.1.3.6.1.4.1.232.22.2.4.2.1.1.6, cpqRackServerNetworkingEthernetInterfaces
.1.3.6.1.4.1.232.22.2.4.2.1.1.7, cpqRackServerNetworkingEthernetMACAddress
.1.3.6.1.4.1.232.22.2.4.3, cpqRackServerTempSensor
.1.3.6.1.4.1.232.22.2.4.3.1, cpqRackServerTempSensorTable
.1.3.6.1.4.1.232.22.2.4.3.1.1, cpqRackServerTempSensorEntry
.1.3.6.1.4.1.232.22.2.4.3.1.1.1, cpqRackServerTempSensorRack
.1.3.6.1.4.1.232.22.2.4.3.1.1.10, cpqRackServerTempSensorCondition
.1.3.6.1.4.1.232.22.2.4.3.1.1.11, cpqRackServerTempSensorType
.1.3.6.1.4.1.232.22.2.4.3.1.1.2, cpqRackServerTempSensorChassis
.1.3.6.1.4.1.232.22.2.4.3.1.1.3, cpqRackServerTempSensorIndex
.1.3.6.1.4.1.232.22.2.4.3.1.1.4, cpqRackServerTempSensorName
.1.3.6.1.4.1.232.22.2.4.3.1.1.5, cpqRackServerTempSensorEnclosureName
.1.3.6.1.4.1.232.22.2.4.3.1.1.6, cpqRackServerTempSensorCount
.1.3.6.1.4.1.232.22.2.4.3.1.1.7, cpqRackServerTempSensorLocation
.1.3.6.1.4.1.232.22.2.4.3.1.1.8, cpqRackServerTempSensorCurrent
.1.3.6.1.4.1.232.22.2.4.3.1.1.9, cpqRackServerTempSensorThreshold
.1.3.6.1.4.1.232.22.2.5, cpqRackPower
.1.3.6.1.4.1.232.22.2.5.1, cpqRackPowerSupply
.1.3.6.1.4.1.232.22.2.5.1.1, cpqRackPowerSupplyTable
.1.3.6.1.4.1.232.22.2.5.1.1.1, cpqRackPowerSupplyEntry
.1.3.6.1.4.1.232.22.2.5.1.1.1.1, cpqRackPowerSupplyRack
.1.3.6.1.4.1.232.22.2.5.1.1.1.10, cpqRackPowerSupplyCurPwrOutput
.1.3.6.1.4.1.232.22.2.5.1.1.1.11, cpqRackPowerSupplyPosition
.1.3.6.1.4.1.232.22.2.5.1.1.1.12, cpqRackPowerSupplyIntakeTemp
.1.3.6.1.4.1.232.22.2.5.1.1.1.13, cpqRackPowerSupplyExhaustTemp
.1.3.6.1.4.1.232.22.2.5.1.1.1.14, cpqRackPowerSupplyStatus
.1.3.6.1.4.1.232.22.2.5.1.1.1.15, cpqRackPowerSupplyInputLineStatus
.1.3.6.1.4.1.232.22.2.5.1.1.1.16, cpqRackPowerSupplyPresent
.1.3.6.1.4.1.232.22.2.5.1.1.1.17, cpqRackPowerSupplyCondition
.1.3.6.1.4.1.232.22.2.5.1.1.1.18, cpqRackPowerSupplyEnclosureSerialNum
.1.3.6.1.4.1.232.22.2.5.1.1.1.2, cpqRackPowerSupplyChassis
.1.3.6.1.4.1.232.22.2.5.1.1.1.3, cpqRackPowerSupplyIndex
.1.3.6.1.4.1.232.22.2.5.1.1.1.4, cpqRackPowerSupplyEnclosureName
.1.3.6.1.4.1.232.22.2.5.1.1.1.5, cpqRackPowerSupplySerialNum
.1.3.6.1.4.1.232.22.2.5.1.1.1.6, cpqRackPowerSupplyPartNumber
.1.3.6.1.4.1.232.22.2.5.1.1.1.7, cpqRackPowerSupplySparePartNumber
.1.3.6.1.4.1.232.22.2.5.1.1.1.8, cpqRackPowerSupplyFWRev
.1.3.6.1.4.1.232.22.2.5.1.1.1.9, cpqRackPowerSupplyMaxPwrOutput
.1.3.6.1.4.1.232.22.2.6, cpqRackNetwork
.1.3.6.1.4.1.232.22.2.6.1, cpqRackNetConnector
.1.3.6.1.4.1.232.22.2.6.1.1, cpqRackNetConnectorTable
.1.3.6.1.4.1.232.22.2.6.1.1.1, cpqRackNetConnectorEntry
.1.3.6.1.4.1.232.22.2.6.1.1.1.1, cpqRackNetConnectorRack
.1.3.6.1.4.1.232.22.2.6.1.1.1.10, cpqRackNetConnectorFWRev
.1.3.6.1.4.1.232.22.2.6.1.1.1.11, cpqRackNetConnectorType
.1.3.6.1.4.1.232.22.2.6.1.1.1.12, cpqRackNetConnectorLocation
.1.3.6.1.4.1.232.22.2.6.1.1.1.13, cpqRackNetConnectorPresent
.1.3.6.1.4.1.232.22.2.6.1.1.1.14, cpqRackNetConnectorHasFuses
.1.3.6.1.4.1.232.22.2.6.1.1.1.15, cpqRackNetConnectorEnclosureSerialNum
.1.3.6.1.4.1.232.22.2.6.1.1.1.16, cpqRackNetConnectorTechnologyType
.1.3.6.1.4.1.232.22.2.6.1.1.1.17, cpqRackNetConnectorDeviceType
.1.3.6.1.4.1.232.22.2.6.1.1.1.2, cpqRackNetConnectorChassis
.1.3.6.1.4.1.232.22.2.6.1.1.1.3, cpqRackNetConnectorIndex
.1.3.6.1.4.1.232.22.2.6.1.1.1.4, cpqRackNetConnectorEnclosureName
.1.3.6.1.4.1.232.22.2.6.1.1.1.5, cpqRackNetConnectorName
.1.3.6.1.4.1.232.22.2.6.1.1.1.6, cpqRackNetConnectorModel
.1.3.6.1.4.1.232.22.2.6.1.1.1.7, cpqRackNetConnectorSerialNum
.1.3.6.1.4.1.232.22.2.6.1.1.1.8, cpqRackNetConnectorPartNumber
.1.3.6.1.4.1.232.22.2.6.1.1.1.9, cpqRackNetConnectorSparePartNumber
.1.3.6.1.4.1.232.22.3, cpqRackSysObjID
.1.3.6.1.4.1.232.22.3.1, cpqRackSystemObjectIdentification
.1.3.6.1.4.1.37140.1.2.11.1, taskName
.1.3.6.1.4.1.37140.1.2.11.2, inputDataType
.1.3.6.1.4.1.37140.1.2.12.1, cause
.1.3.6.1.4.1.37140.1.2.13.1, recordType
.1.3.6.1.4.1.37140.1.2.15.1, dcName
.1.3.6.1.4.1.37140.1.2.15.2, dataType
.1.3.6.1.4.1.37140.1.2.17.1, uuid
.1.3.6.1.4.1.37140.1.2.17.2, mountPoint
.1.3.6.1.4.1.37140.1.2.18.1, inputFileName
.1.3.6.1.4.1.37140.1.2.18.2, inputFileState
.1.3.6.1.4.1.37140.1.2.2.1, adapterType
.1.3.6.1.4.1.37140.1.2.2.1, adaptorType
.1.3.6.1.4.1.37140.1.2.2.2, lastTime
.1.3.6.1.4.1.37140.1.2.2.3, inputIfName
.1.3.6.1.4.1.37140.1.2.3.1, hostAddress
.1.3.6.1.4.1.37140.1.2.3.2, portAddress
.1.3.6.1.4.1.37140.1.2.3.3, status
.1.3.6.1.4.1.37140.1.2.4.1, instaAdaptorType
.1.3.6.1.4.1.37140.1.2.6.1, tProtocol
.1.3.6.1.4.1.37140.1.2.6.2, tHost
.1.3.6.1.4.1.37140.1.2.7.1, receiveDataSource
.1.3.6.1.4.1.37140.1.2.7.2, receiveDataType
.1.3.6.1.4.1.37140.1.2.8.1, processedDataType
.1.3.6.1.4.1.37140.1.2.8.2, lastDataProcessingTime
.1.3.6.1.4.1.37140.1.2.9.1, transferDataType
.1.3.6.1.4.1.37140.1.2.9.2, lastDataTransferTime
.1.3.6.1.4.1.37140.3.0.101, nooaCilMissing
.1.3.6.1.4.1.37140.3.0.17, noDataTrap
.1.3.6.1.4.1.37140.3.0.18, hdfsNamenodeStatusTrap
.1.3.6.1.4.1.37140.3.0.19, dataResumeTrap
.1.3.6.1.4.1.37140.3.0.20, instaAdaptorDownTrap
.1.3.6.1.4.1.37140.3.0.21, drbdSetPrimaryTrap
.1.3.6.1.4.1.37140.3.0.22, droppedFlowThresCrossedTrap
.1.3.6.1.4.1.37140.3.0.23, droppedFlowAlarmCleared
.1.3.6.1.4.1.37140.3.0.24, dataTransferFailure
.1.3.6.1.4.1.37140.3.0.25, dataTransferSuccess
.1.3.6.1.4.1.37140.3.0.26, receiveFailure
.1.3.6.1.4.1.37140.3.0.27, receiveSuccess
.1.3.6.1.4.1.37140.3.0.28, dataProcessTimeExceeded
.1.3.6.1.4.1.37140.3.0.29, dataProcessTimeOk
.1.3.6.1.4.1.37140.3.0.30, dataTransferTimeExceeded
.1.3.6.1.4.1.37140.3.0.31, dataTransferTimeOk
.1.3.6.1.4.1.37140.3.0.32, peakFlowThresCrossedTrap
.1.3.6.1.4.1.37140.3.0.33, peakFlowAlarmCleared
.1.3.6.1.4.1.37140.3.0.34, inputDataMissingTaskFailed
.1.3.6.1.4.1.37140.3.0.35, inputDataMissingTaskOk
.1.3.6.1.4.1.37140.3.0.36, lsFailoverSftp
.1.3.6.1.4.1.37140.3.0.37, downloadFail
.1.3.6.1.4.1.37140.3.0.38, slowDownload
.1.3.6.1.4.1.37140.3.0.39, invalidAtomFeed
.1.3.6.1.4.1.37140.3.0.40, hdfsClusterDown
.1.3.6.1.4.1.37140.3.0.41, noInputIfDataReceivedTrap
.1.3.6.1.4.1.37140.3.0.42, inputIfDataResumeTrap
.1.3.6.1.4.1.37140.3.0.55, fsNotMountedErrorTrap
.1.3.6.1.4.1.37140.3.0.56, fsNotMountedClearTrap
.1.3.6.1.4.1.37140.3.0.57, fsReadOnlyMountedErrorTrap
.1.3.6.1.4.1.37140.3.0.58, fsReadOnlyMountedClearTrap
.1.3.6.1.4.1.8072, netSnmp
.1.3.6.1.4.1.8072.1, netSnmpObjects
.1.3.6.1.4.1.8072.1.1, nsVersion
.1.3.6.1.4.1.8072.1.2, nsMibRegistry
.1.3.6.1.4.1.8072.1.2.1, nsModuleTable
.1.3.6.1.4.1.8072.1.2.1.1, nsModuleEntry
.1.3.6.1.4.1.8072.1.2.1.1.1, nsmContextName
.1.3.6.1.4.1.8072.1.2.1.1.2, nsmRegistrationPoint
.1.3.6.1.4.1.8072.1.2.1.1.3, nsmRegistrationPriority
.1.3.6.1.4.1.8072.1.2.1.1.4, nsModuleName
.1.3.6.1.4.1.8072.1.2.1.1.5, nsModuleModes
.1.3.6.1.4.1.8072.1.2.1.1.6, nsModuleTimeout
.1.3.6.1.4.1.8072.1.3, nsExtensions
.1.3.6.1.4.1.8072.1.4, nsDLMod
.1.3.6.1.4.1.8072.1.5, nsCache
.1.3.6.1.4.1.8072.1.5.1, nsCacheDefaultTimeout
.1.3.6.1.4.1.8072.1.5.2, nsCacheEnabled
.1.3.6.1.4.1.8072.1.5.3, nsCacheTable
.1.3.6.1.4.1.8072.1.5.3.1, nsCacheEntry
.1.3.6.1.4.1.8072.1.5.3.1.1, nsCachedOID
.1.3.6.1.4.1.8072.1.5.3.1.2, nsCacheTimeout
.1.3.6.1.4.1.8072.1.5.3.1.3, nsCacheStatus
.1.3.6.1.4.1.8072.1.6, nsErrorHistory
.1.3.6.1.4.1.8072.1.7, nsConfiguration
.1.3.6.1.4.1.8072.1.7.1, nsConfigDebug
.1.3.6.1.4.1.8072.1.7.1.1, nsDebugEnabled
.1.3.6.1.4.1.8072.1.7.1.2, nsDebugOutputAll
.1.3.6.1.4.1.8072.1.7.1.3, nsDebugDumpPdu
.1.3.6.1.4.1.8072.1.7.1.4, nsDebugTokenTable
.1.3.6.1.4.1.8072.1.7.1.4.1, nsDebugTokenEntry
.1.3.6.1.4.1.8072.1.7.1.4.1.2, nsDebugTokenPrefix
.1.3.6.1.4.1.8072.1.7.1.4.1.4, nsDebugTokenStatus
.1.3.6.1.4.1.8072.1.7.2, nsConfigLogging
.1.3.6.1.4.1.8072.1.7.2.1, nsLoggingTable
.1.3.6.1.4.1.8072.1.7.2.1.1, nsLoggingEntry
.1.3.6.1.4.1.8072.1.7.2.1.1.1, nsLogLevel
.1.3.6.1.4.1.8072.1.7.2.1.1.2, nsLogToken
.1.3.6.1.4.1.8072.1.7.2.1.1.3, nsLogType
.1.3.6.1.4.1.8072.1.7.2.1.1.4, nsLogMaxLevel
.1.3.6.1.4.1.8072.1.7.2.1.1.5, nsLogStatus
.1.3.6.1.4.1.8072.1.8, nsTransactions
.1.3.6.1.4.1.8072.1.8.1, nsTransactionTable
.1.3.6.1.4.1.8072.1.8.1.1, nsTransactionEntry
.1.3.6.1.4.1.8072.1.8.1.1.1, nsTransactionID
.1.3.6.1.4.1.8072.1.8.1.1.2, nsTransactionMode
.1.3.6.1.4.1.8072.3, netSnmpEnumerations
.1.3.6.1.4.1.8072.3.1, netSnmpModuleIDs
.1.3.6.1.4.1.8072.3.1.2, netSnmpAgentMIB
.1.3.6.1.4.1.8072.3.2, netSnmpAgentOIDs
.1.3.6.1.4.1.8072.3.3, netSnmpDomains
.1.3.6.1.4.1.8072.4, netSnmpNotificationPrefix
.1.3.6.1.4.1.8072.4.0, netSnmpNotifications
.1.3.6.1.4.1.8072.4.0.1, nsNotifyStart
.1.3.6.1.4.1.8072.4.0.2, nsNotifyShutdown
.1.3.6.1.4.1.8072.4.0.3, nsNotifyRestart
.1.3.6.1.4.1.8072.4.1, netSnmpNotificationObjects
.1.3.6.1.4.1.8072.5, netSnmpConformance
.1.3.6.1.4.1.8072.5.1, netSnmpCompliances
.1.3.6.1.4.1.8072.5.2, netSnmpGroups
.1.3.6.1.4.1.8072.5.2.2, nsModuleGroup
.1.3.6.1.4.1.8072.5.2.4, nsCacheGroup
.1.3.6.1.4.1.8072.5.2.7, nsConfigGroups
.1.3.6.1.4.1.8072.5.2.7.1, nsDebugGroup
.1.3.6.1.4.1.8072.5.2.7.2, nsLoggingGroup
.1.3.6.1.4.1.8072.5.2.8, nsTransactionGroup
.1.3.6.1.4.1.8072.5.2.9, nsAgentNotifyGroup
.1.3.6.1.4.1.8072.9999, netSnmpExperimental
.1.3.6.1.4.1.8072.9999.9999, netSnmpPlaypen
.1.3.6.1.5, security
.1.3.6.1.6, snmpV2
.1.3.6.1.6.1, snmpDomains
.1.3.6.1.6.2, snmpProxys
.1.3.6.1.6.3, snmpModules
.1.3.6.1.6.3.1.1.5.1, coldStart
.1.3.6.1.6.3.1.1.5.2, warmStart
.1.3.6.1.6.3.1.1.5.3, linkDown
.1.3.6.1.6.3.1.1.5.4, linkUp
.1.3.6.1.6.3.1.1.5.5, authenticationFailure
.1.3.6.1.6.3.10, snmpFrameworkMIB
.1.3.6.1.6.3.10.1, snmpFrameworkAdmin
.1.3.6.1.6.3.10.1.1, snmpAuthProtocols
.1.3.6.1.6.3.10.1.2, snmpPrivProtocols
.1.3.6.1.6.3.10.2, snmpFrameworkMIBObjects
.1.3.6.1.6.3.10.2.1, snmpEngine
.1.3.6.1.6.3.10.2.1.1, snmpEngineID
.1.3.6.1.6.3.10.2.1.2, snmpEngineBoots
.1.3.6.1.6.3.10.2.1.3, snmpEngineTime
.1.3.6.1.6.3.10.2.1.4, snmpEngineMaxMessageSize
.1.3.6.1.6.3.10.3, snmpFrameworkMIBConformance
.1.3.6.1.6.3.10.3.1, snmpFrameworkMIBCompliances
.1.3.6.1.6.3.10.3.1.1, snmpFrameworkMIBCompliance
.1.3.6.1.6.3.10.3.2, snmpFrameworkMIBGroups
.1.3.6.1.6.3.10.3.2.1, snmpEngineGroup
